{
  "silhouette": 0.3957456350326538,
  "davies_bouldin": 0.9853196592229497,
  "calinski_harabasz": 50333.31982574598
}