Model,RMSE,MAE,R2,MAPE
Random Forest,63.36505750006962,6.016555324300317,0.9996104326029224,0.10586948893544898
XGBoost,96.75467740105316,66.46868026027735,0.999091705100376,2.3142171153175313
LightGBM,133.67636551451838,94.2746345958543,0.9982662271602056,3.4776187674453944
Ridge Regression,844.2767776638185,566.0259698840534,0.9308403757890057,27.804879636294043
