{
    "model_name": "xgboost",
    "model_version": "20260218_212141",
    "training_date": "2026-02-18 21:32:40",
    "dataset_path": "../data/customer_features_enriched.csv",
    "n_samples_train": 69392,
    "n_samples_test": 17348,
    "n_features": 36,
    "test_size": 0.2,
    "random_state": 42,
    "metrics": {
        "rmse": 97.24362110558505,
        "mae": 67.30980710981768,
        "r2": 0.9990835629609894,
        "mape": 2.2768805937577903
    }
}