{
  "accuracy": 0.9988471293520867,
  "precision": 0.9987595617118048,
  "recall": 0.9991726990692864,
  "f1_score": 0.9989660876757651,
  "roc_auc": 0.9999949627092328
}