{
  "silhouette": 0.24951592902857564,
  "davies_bouldin": 1.2398383418010126,
  "calinski_harabasz": 37263.09083406978
}