{
  "rmse": 1.2718905484256013,
  "mae": 1.066665639855543
}