{
  "model_version": "20260227_171329",
  "model_type": "SVD Matrix Factorisation",
  "created_at": "2026-02-27T17:14:12.796146",
  "n_users": 86740,
  "n_items": 5,
  "train_interactions": 146281,
  "test_interactions": 71363,
  "best_params": {
    "n_factors": 100,
    "n_epochs": 50,
    "lr_all": 0.005,
    "reg_all": 0.02
  },
  "metrics": {
    "rmse": 2.618541347199914,
    "mae": 1.9505859418111375,
    "rmse_improvement_pct": 22.139488097639948,
    "mae_improvement_pct": 22.445866825265885
  },
  "baseline_metrics": {
    "global_rmse": 2.593877474896989,
    "user_rmse": 3.3631185863299504
  }
}