{
  "model_version": "20260228_193744",
  "model_type": "Bidirectional LSTM",
  "created_at": "2026-02-28T20:00:35.320236",
  "max_words": 5000,
  "max_len": 50,
  "embedding_dim": 128,
  "lstm_units": 64,
  "metrics": {
    "accuracy": 0.9615627387794425,
    "precision_weighted": 0.9656660646568339,
    "recall_weighted": 0.9615627387794425,
    "f1_weighted": 0.9626773171014117
  },
  "training_epochs": 7
}