{
  "rmse": 1.2371204039408532,
  "mae": 1.0446210906782363
}