{
  "rmse": 1.213736500209892,
  "mae": 1.0281224503659159
}