Model,Accuracy,Precision,Recall,F1,ROC_AUC,Avg_Prec,Log_Loss,Specificity,TP,FP,TN,FN
Wide & Deep,0.8512796864191837,0.8086903517938001,0.960392967942089,0.8780372506381772,0.8961908249654594,0.8753374948902038,0.34745906927838277,0.7138577754622669,9287,2197,5481,383
LightGBM,0.44258704173391744,0.0,0.0,0.0,0.5090794472341098,0.5757847053492221,3.190780155688937,0.9999999999998697,0,0,7678,9670
XGBoost,0.44258704173391744,0.0,0.0,0.0,0.43926230762330654,0.5220313689111578,3.632595894412987,0.9999999999998697,0,0,7678,9670
