Model,RMSE,MAE,R2,MAPE
Ridge,844.2767776638185,566.0259698840534,0.9308403757890057,27.804879636142697
RF,16544.792272180828,16358.871857299057,-25.55862424317023,960.94988394341
XGBoost,17664.72287903396,17477.632304129664,-29.27586739244583,988.4961041894719
LightGBM,17890.68963409834,17705.1182531241,-30.055398064113692,1026.490658541594
