Model,RMSE,MAE,MAPE
Holt-Winters,35.22783268890451,28.720614887961585,3.4729052083993475
SARIMA,35.40516142443106,28.81559925832296,3.4816138952610918
LightGBM,39.268454403224965,32.23729691508192,3.891263364854565
