Model,Accuracy,Precision,Recall,F1,ROC_AUC,Avg_Prec,Log_Loss,Specificity,TP,FP,TN,FN
XGBoost,0.9898674462642437,0.7105658487731598,0.9779462439696761,0.8230858468677494,0.9989171438183418,0.9631536729318606,0.024558359255157678,0.9901618695851817,1419,578,58173,32
Isolation Forest,0.9440217932959037,0.048045219029674985,0.07029634734665748,0.05707890318970341,0.664988103315537,0.042032545693038825,,,102,2021,56730,1349
Autoencoder,0.8902029832895917,0.038303203866117776,0.1474844934527912,0.06081273088945723,0.577490693854606,0.03373922786408117,,,214,5373,53378,1237
