Model,N_Clusters,Silhouette,Davies_Bouldin
K-Means,2,0.2563180527867826,1.4258235440638851
DBSCAN,1,,
Hierarchical,2,0.23685809456068174,1.3559608295026622
GMM,2,0.2539776070703177,1.4931518675294875
